ID,X,Y,YEAR
001,-95.85716782608695,40.8156302173913,2016
002,-96.05630217391304,41.447595434782606,2016
003,-97.21814652173913,40.195492826086955,2016
004,-99.0152202173913,42.906741304347825,2016
016,-102.49251152173913,42.928559130434785,2016
